DELETE
FROM cartitems;

DELETE
FROM products;

DELETE
FROM carts;

DELETE
FROM userroles;

DELETE
FROM users;

DELETE
FROM roles;

INSERT INTO USERS(USERID, USERNAME, PASSWORD, COMMENTS, CREATED_BY, CREATED_DATE, LAST_MODIFIED_BY, LAST_MODIFIED_DATE)
     VALUES (1, 'Lars Rain', '$2y$12$3jkQBYZpeKKDSDA1Ws1uzuhIAztEnI8UyRZHQ98pTij7xxp6RtlI2', '', 'SYSTEM', CURRENT_TIMESTAMP, 'SYSTEM', CURRENT_TIMESTAMP),
            (2, 'John James', '$2y$12$5EhoDOj2oGGEhmW8UFwh6e5an6WZ/IaoDPCux0oN4x4pwLm0pj6lq', '', 'SYSTEM', CURRENT_TIMESTAMP, 'SYSTEM', CURRENT_TIMESTAMP),
            (3, 'Bars Hain', '$2y$12$1J5duOYDY4qZZfkOSQwSi.kps8UdatRiw835XN6TL4Vw6f6ioVFBW', '', 'SYSTEM', CURRENT_TIMESTAMP, 'SYSTEM', CURRENT_TIMESTAMP);

INSERT INTO ROLES(ROLEID, NAME, CREATED_BY, CREATED_DATE, LAST_MODIFIED_BY, LAST_MODIFIED_DATE)
     VALUES (1, 'INSTRUCTOR', 'SYSTEM', CURRENT_TIMESTAMP, 'SYSTEM', CURRENT_TIMESTAMP),
            (2, 'STUDENT',  'SYSTEM', CURRENT_TIMESTAMP, 'SYSTEM', CURRENT_TIMESTAMP);

INSERT INTO USERROLES(USERID, ROLEID, CREATED_BY, CREATED_DATE, LAST_MODIFIED_BY, LAST_MODIFIED_DATE)
     VALUES (1, 1, 'SYSTEM', CURRENT_TIMESTAMP, 'SYSTEM', CURRENT_TIMESTAMP),
            (2, 1, 'SYSTEM', CURRENT_TIMESTAMP, 'SYSTEM', CURRENT_TIMESTAMP),
            (2, 2, 'SYSTEM', CURRENT_TIMESTAMP, 'SYSTEM', CURRENT_TIMESTAMP),
            (3, 2, 'SYSTEM', CURRENT_TIMESTAMP, 'SYSTEM', CURRENT_TIMESTAMP);

INSERT INTO PRODUCTS(PRODUCTID, NAME, DESCRIPTION, PRICE, COMMENTS, CREATED_BY, CREATED_DATE, LAST_MODIFIED_BY, LAST_MODIFIED_DATE)
     VALUES (1, 'Weight Lifting', 'Makes Strong!', 20.50, '', 'SYSTEM', CURRENT_TIMESTAMP, 'SYSTEM', CURRENT_TIMESTAMP),
            (2, 'Yoga', 'Stretchy!', 10.50, '', 'SYSTEM', CURRENT_TIMESTAMP, 'SYSTEM', CURRENT_TIMESTAMP),
            (3, 'Pilates', 'do not break the pilates', 40.00, '', 'SYSTEM', CURRENT_TIMESTAMP, 'SYSTEM', CURRENT_TIMESTAMP);

INSERT INTO CARTS(CARTID, USERID, CREATED_BY, CREATED_DATE, LAST_MODIFIED_BY, LAST_MODIFIED_DATE)
     VALUES (1, 1, 'SYSTEM', CURRENT_TIMESTAMP, 'SYSTEM', CURRENT_TIMESTAMP),
            (2, 1, 'SYSTEM', CURRENT_TIMESTAMP, 'SYSTEM', CURRENT_TIMESTAMP),
            (3, 3, 'SYSTEM', CURRENT_TIMESTAMP, 'SYSTEM', CURRENT_TIMESTAMP);

INSERT INTO CARTITEMS(CARTID, PRODUCTID, QUANTITY, COMMENTS, CREATED_BY, CREATED_DATE, LAST_MODIFIED_BY, LAST_MODIFIED_DATE)
     VALUES (1, 1, 4, '', 'SYSTEM', CURRENT_TIMESTAMP, 'SYSTEM', CURRENT_TIMESTAMP),
            (1, 2, 3, '', 'SYSTEM', CURRENT_TIMESTAMP, 'SYSTEM', CURRENT_TIMESTAMP),
            (1, 3, 2, '', 'SYSTEM', CURRENT_TIMESTAMP, 'SYSTEM', CURRENT_TIMESTAMP),
            (2, 3, 1, '', 'SYSTEM', CURRENT_TIMESTAMP, 'SYSTEM', CURRENT_TIMESTAMP),
            (3, 3, 17, '', 'SYSTEM', CURRENT_TIMESTAMP, 'SYSTEM', CURRENT_TIMESTAMP);


/*
We must tell hibernate the ids that have already been used.
The number must be larger than the last used id.
15 > 3 so we are good!
 */

alter sequence hibernate_sequence restart with 15;
